n_features,features,RandomForest_auc,RandomForest_std,GradientBoosting_auc,GradientBoosting_std,LightGBM_auc,LightGBM_std
1,['Title_mapped_Mr'],0.7759004085543073,0.031977637936320136,0.7759004085543073,0.031977637936320136,0.7759004085543073,0.031977637936320136
2,"['Title_mapped_Mr', 'Pclass_3']",0.8300387781140175,0.030374547600361033,0.8300387781140175,0.030374547600361033,0.8300387781140175,0.030374547600361033
3,"['Title_mapped_Mr', 'Pclass_3', 'Sex_1']",0.8353376491775946,0.02716671755239583,0.8353376491775946,0.02716671755239583,0.8353376491775946,0.02716671755239583
4,"['Title_mapped_Mr', 'Pclass_3', 'Sex_1', 'logFare']",0.8528686131723069,0.03733596260383042,0.8664977914116081,0.03849995690677305,0.8560215101309494,0.04163478280297061
5,"['Title_mapped_Mr', 'Pclass_3', 'Sex_1', 'logFare', 'Age']",0.8458915834127871,0.02823912926100822,0.8513069454232245,0.032009731966946176,0.8519922664861106,0.03069147426272962
6,"['Title_mapped_Mr', 'Pclass_3', 'Sex_1', 'logFare', 'Age', 'Cabin_U']",0.8491927252460769,0.030242144869858344,0.8540423984486912,0.037248681864448276,0.8528230918395078,0.033308140413537
7,"['Title_mapped_Mr', 'Pclass_3', 'Sex_1', 'logFare', 'Age', 'Cabin_U', 'Embarked_S']",0.8516322550631715,0.033494660984228486,0.859391705472417,0.03324647595623133,0.8586744001805562,0.029622104908154413
8,"['Title_mapped_Mr', 'Pclass_3', 'Sex_1', 'logFare', 'Age', 'Cabin_U', 'Embarked_S', 'TicketGroupSize_3']",0.8533503387730474,0.032628528097791897,0.8600967587410816,0.035285161528999444,0.8592572233967584,0.031856631630335835
9,"['Title_mapped_Mr', 'Pclass_3', 'Sex_1', 'logFare', 'Age', 'Cabin_U', 'Embarked_S', 'TicketGroupSize_3', 'Title_mapped_Mrs']",0.853135863882786,0.032197406406864255,0.8599282059076861,0.03555817799293412,0.8598587240392985,0.03183765164247834
10,"['Title_mapped_Mr', 'Pclass_3', 'Sex_1', 'logFare', 'Age', 'Cabin_U', 'Embarked_S', 'TicketGroupSize_3', 'Title_mapped_Mrs', 'Ticket_Unknown']",0.857488533303855,0.03077397112005745,0.8627370559217343,0.034862165958786835,0.860188860792144,0.0314597008014001
11,"['Title_mapped_Mr', 'Pclass_3', 'Sex_1', 'logFare', 'Age', 'Cabin_U', 'Embarked_S', 'TicketGroupSize_3', 'Title_mapped_Mrs', 'Ticket_Unknown', 'Title_mapped_Miss']",0.8560733417162967,0.0327104001723974,0.8588653705315812,0.035168093938333034,0.860051951341965,0.031061105219486282
12,"['Title_mapped_Mr', 'Pclass_3', 'Sex_1', 'logFare', 'Age', 'Cabin_U', 'Embarked_S', 'TicketGroupSize_3', 'Title_mapped_Mrs', 'Ticket_Unknown', 'Title_mapped_Miss', 'Cabin_C']",0.8563263137531264,0.03150470951684261,0.858643185157549,0.03608866868483963,0.8599782135076254,0.03208120062027743
13,"['Title_mapped_Mr', 'Pclass_3', 'Sex_1', 'logFare', 'Age', 'Cabin_U', 'Embarked_S', 'TicketGroupSize_3', 'Title_mapped_Mrs', 'Ticket_Unknown', 'Title_mapped_Miss', 'Cabin_C', 'TicketGroupSize_4']",0.8569085658223825,0.03129309507212935,0.8634594738999664,0.036961798227181514,0.8569066819586656,0.03274691925760534
14,"['Title_mapped_Mr', 'Pclass_3', 'Sex_1', 'logFare', 'Age', 'Cabin_U', 'Embarked_S', 'TicketGroupSize_3', 'Title_mapped_Mrs', 'Ticket_Unknown', 'Title_mapped_Miss', 'Cabin_C', 'TicketGroupSize_4', 'Title_mapped_Officer']",0.8565731735964295,0.0339975508015651,0.8615645557259783,0.034003327801846873,0.85707894724721,0.032757254413271195
15,"['Title_mapped_Mr', 'Pclass_3', 'Sex_1', 'logFare', 'Age', 'Cabin_U', 'Embarked_S', 'TicketGroupSize_3', 'Title_mapped_Mrs', 'Ticket_Unknown', 'Title_mapped_Miss', 'Cabin_C', 'TicketGroupSize_4', 'Title_mapped_Officer', 'TicketGroupSize_6']",0.8579036604070804,0.03220902301997782,0.8633277047723011,0.033242896168428224,0.8599546813322462,0.03052187979393362
16,"['Title_mapped_Mr', 'Pclass_3', 'Sex_1', 'logFare', 'Age', 'Cabin_U', 'Embarked_S', 'TicketGroupSize_3', 'Title_mapped_Mrs', 'Ticket_Unknown', 'Title_mapped_Miss', 'Cabin_C', 'TicketGroupSize_4', 'Title_mapped_Officer', 'TicketGroupSize_6', 'TicketGroupSize_2']",0.856738585121622,0.031690867684205946,0.8618685901421879,0.039041806254360045,0.854847208979904,0.03333266250706777
17,"['Title_mapped_Mr', 'Pclass_3', 'Sex_1', 'logFare', 'Age', 'Cabin_U', 'Embarked_S', 'TicketGroupSize_3', 'Title_mapped_Mrs', 'Ticket_Unknown', 'Title_mapped_Miss', 'Cabin_C', 'TicketGroupSize_4', 'Title_mapped_Officer', 'TicketGroupSize_6', 'TicketGroupSize_2', 'Cabin_D']",0.8548918735922841,0.03150727264666784,0.8651778431833153,0.03312168035308351,0.8604094478759322,0.03282570856701235
18,"['Title_mapped_Mr', 'Pclass_3', 'Sex_1', 'logFare', 'Age', 'Cabin_U', 'Embarked_S', 'TicketGroupSize_3', 'Title_mapped_Mrs', 'Ticket_Unknown', 'Title_mapped_Miss', 'Cabin_C', 'TicketGroupSize_4', 'Title_mapped_Officer', 'TicketGroupSize_6', 'TicketGroupSize_2', 'Cabin_D', 'Parch_2']",0.85512516869562,0.031168208814948747,0.8619652613688181,0.0330679095038001,0.8575526767907068,0.03292086734949386
19,"['Title_mapped_Mr', 'Pclass_3', 'Sex_1', 'logFare', 'Age', 'Cabin_U', 'Embarked_S', 'TicketGroupSize_3', 'Title_mapped_Mrs', 'Ticket_Unknown', 'Title_mapped_Miss', 'Cabin_C', 'TicketGroupSize_4', 'Title_mapped_Officer', 'TicketGroupSize_6', 'TicketGroupSize_2', 'Cabin_D', 'Parch_2', 'TicketGroupSize_5']",0.8547398563841793,0.03182063327117834,0.8624010649126929,0.033078278627779796,0.8611595388449015,0.034492331347433874
20,"['Title_mapped_Mr', 'Pclass_3', 'Sex_1', 'logFare', 'Age', 'Cabin_U', 'Embarked_S', 'TicketGroupSize_3', 'Title_mapped_Mrs', 'Ticket_Unknown', 'Title_mapped_Miss', 'Cabin_C', 'TicketGroupSize_4', 'Title_mapped_Officer', 'TicketGroupSize_6', 'TicketGroupSize_2', 'Cabin_D', 'Parch_2', 'TicketGroupSize_5', 'Pclass_2']",0.8558133731293787,0.030899191213537743,0.8625325484668849,0.03297074724473716,0.8598501568351089,0.03251077464743656
21,"['Title_mapped_Mr', 'Pclass_3', 'Sex_1', 'logFare', 'Age', 'Cabin_U', 'Embarked_S', 'TicketGroupSize_3', 'Title_mapped_Mrs', 'Ticket_Unknown', 'Title_mapped_Miss', 'Cabin_C', 'TicketGroupSize_4', 'Title_mapped_Officer', 'TicketGroupSize_6', 'TicketGroupSize_2', 'Cabin_D', 'Parch_2', 'TicketGroupSize_5', 'Pclass_2', 'Ticket_STONO']",0.8570520158262976,0.03222107242157991,0.8664823704440667,0.039589261775040616,0.8598501568351089,0.03251077464743656
22,"['Title_mapped_Mr', 'Pclass_3', 'Sex_1', 'logFare', 'Age', 'Cabin_U', 'Embarked_S', 'TicketGroupSize_3', 'Title_mapped_Mrs', 'Ticket_Unknown', 'Title_mapped_Miss', 'Cabin_C', 'TicketGroupSize_4', 'Title_mapped_Officer', 'TicketGroupSize_6', 'TicketGroupSize_2', 'Cabin_D', 'Parch_2', 'TicketGroupSize_5', 'Pclass_2', 'Ticket_STONO', 'Parch_1']",0.8577453605825699,0.03289308524554633,0.8667473365667618,0.0377713983524069,0.8578316083774359,0.032385145071801166
23,"['Title_mapped_Mr', 'Pclass_3', 'Sex_1', 'logFare', 'Age', 'Cabin_U', 'Embarked_S', 'TicketGroupSize_3', 'Title_mapped_Mrs', 'Ticket_Unknown', 'Title_mapped_Miss', 'Cabin_C', 'TicketGroupSize_4', 'Title_mapped_Officer', 'TicketGroupSize_6', 'TicketGroupSize_2', 'Cabin_D', 'Parch_2', 'TicketGroupSize_5', 'Pclass_2', 'Ticket_STONO', 'Parch_1', 'SibSp_1']",0.8562371825873878,0.035678875449590225,0.8645583790481192,0.037132219408627765,0.8589166632121488,0.03401840403897675
24,"['Title_mapped_Mr', 'Pclass_3', 'Sex_1', 'logFare', 'Age', 'Cabin_U', 'Embarked_S', 'TicketGroupSize_3', 'Title_mapped_Mrs', 'Ticket_Unknown', 'Title_mapped_Miss', 'Cabin_C', 'TicketGroupSize_4', 'Title_mapped_Officer', 'TicketGroupSize_6', 'TicketGroupSize_2', 'Cabin_D', 'Parch_2', 'TicketGroupSize_5', 'Pclass_2', 'Ticket_STONO', 'Parch_1', 'SibSp_1', 'Cabin_E']",0.8550738207427674,0.03588898723779704,0.8672644180058681,0.038231001987004055,0.8613121271999521,0.0330658908163951
25,"['Title_mapped_Mr', 'Pclass_3', 'Sex_1', 'logFare', 'Age', 'Cabin_U', 'Embarked_S', 'TicketGroupSize_3', 'Title_mapped_Mrs', 'Ticket_Unknown', 'Title_mapped_Miss', 'Cabin_C', 'TicketGroupSize_4', 'Title_mapped_Officer', 'TicketGroupSize_6', 'TicketGroupSize_2', 'Cabin_D', 'Parch_2', 'TicketGroupSize_5', 'Pclass_2', 'Ticket_STONO', 'Parch_1', 'SibSp_1', 'Cabin_E', 'Ticket_SWPP']",0.8555449801250073,0.034223920762844244,0.8742317382673062,0.03254807448433976,0.8613121271999521,0.0330658908163951
